"BANDS","ENERGY"
"ULF","422.206543573049"
"VLF","13.893921846869"
"LF","24.2221486617269"
"HF","43.8922237414084"
